0	1	2	3	4	5	6	7	8	9	10	11	Entry_x	Protein names_x	Gene Ontology (molecular function)_x	Gene Ontology (cellular component)_x	Gene Ontology (biological process)_x	Entry_y	Protein names_y	Gene Ontology (molecular function)_y	Gene Ontology (cellular component)_y	Gene Ontology (biological process)_y
A0A5K4F086	Q09263	0.284	719	497	0	6	700	1	719	8.283e-29	1341	A0A5K4F086	Uncharacterized protein				Q09263	Protein EFR3 homolog		plasma membrane [GO:0005886]	protein localization to plasma membrane [GO:0072659]
A0A5K4F0T6	A9D0C6	0.232	417	291	0	8	424	82	461	3.417e-33	1160	A0A5K4F0T6	Uncharacterized protein				A9D0C6	WD_REPEATS_REGION domain-containing protein	snoRNA binding [GO:0030515]	small-subunit processome [GO:0032040]	
A0A3Q0KC63	Q23450	0.197	240	187	0	9	242	4	243	2.06e-09	403	A0A3Q0KC63	Uncharacterized protein				Q23450	Cytochrome c oxidase assembly factor 7 homolog (Beta-lactamase hcp-like protein coa-7) (Sel1 repeat-containing protein 1 homolog)		mitochondrial intermembrane space [GO:0005758]	
A0A3Q0KUD7	Q9BKR2	0.129	1340	866	0	6	1345	9	1003	1.639e-19	591	A0A3Q0KUD7	Uncharacterized protein		Ski complex [GO:0055087]	RNA catabolic process [GO:0006401]	Q9BKR2	TPR_REGION domain-containing protein		Ski complex [GO:0055087]	nuclear-transcribed mRNA catabolic process, exonucleolytic, 3'-5' [GO:0034427]
G4VH75	G5ECC9	0.172	436	320	0	12	447	9	395	6.952e-10	407	G4VH75	Uncharacterized protein				G5ECC9	Ig-like domain-containing protein		mitochondrion [GO:0005739]	
G4LWW9	Q8WQG5	0.156	145	109	0	3	147	1	130	1.01e-07	246	G4LWW9	Uncharacterized protein			regulation of TOR signaling [GO:0032006]	Q8WQG5	Late endosomal/lysosomal adaptor and MAPK and MTOR activator 5		Ragulator complex [GO:0071986]	cellular response to amino acid stimulus [GO:0071230]; positive regulation of TOR signaling [GO:0032008]
G4VLA4	H2KYP1	0.328	264	170	0	17	280	42	295	4.03e-26	879	G4VLA4	Uncharacterized protein				H2KYP1	LIN-24 (Twenty-four) Like			
A0A5K4ET29	Q9BL05	0.159	1888	1072	0	2	1889	98	1373	4.0959999999999995e-51	985	A0A5K4ET29	Uncharacterized protein				Q9BL05	WD_REPEATS_REGION domain-containing protein		cytoplasm [GO:0005737]	
A0A3Q0KBW3	G5EG43	0.417	175	101	0	12	185	3	177	9.54e-19	660	A0A3Q0KBW3	Uncharacterized protein	protein tyrosine/serine/threonine phosphatase activity [GO:0008138]		protein dephosphorylation [GO:0006470]	G5EG43	Putative prenylated protein tyrosine phosphatase (TYR_PHOSPHATASE_2 domain-containing protein)	protein tyrosine phosphatase activity [GO:0004725]; protein tyrosine/serine/threonine phosphatase activity [GO:0008138]	early endosome [GO:0005769]; nucleus [GO:0005634]; plasma membrane [GO:0005886]	protein dephosphorylation [GO:0006470]
A0A5K4FF38	P34454	0.23	520	314	0	1	520	1	409	1.209e-16	483	A0A5K4FF38	Uncharacterized protein		membrane [GO:0016020]		P34454	Uncharacterized protein F54F2.9	DNA binding [GO:0003677]	endomembrane system [GO:0012505]; nuclear membrane [GO:0031965]	
A0A3Q0KRP5	P90757	0.219	1790	1115	0	15	1804	2	1430	1.133e-71	1719	A0A3Q0KRP5	Uncharacterized protein				P90757	WD_REPEATS_REGION domain-containing protein		axoneme [GO:0005930]; ciliary basal body [GO:0036064]; cilium [GO:0005929]; intraciliary transport particle A [GO:0030991]; non-motile cilium [GO:0097730]	cilium assembly [GO:0060271]; dauer entry [GO:0043053]; determination of adult lifespan [GO:0008340]; hyperosmotic response [GO:0006972]; intraciliary retrograde transport [GO:0035721]; intraciliary transport [GO:0042073]; positive regulation of intraciliary anterograde transport [GO:1905798]; positive regulation of intraciliary retrograde transport [GO:1905801]; response to heat [GO:0009408]; response to oxidative stress [GO:0006979]
A0A5K4F172	G5ECJ5	0.278	121	79	0	9	118	161	281	8.388e-06	189	A0A5K4F172	Uncharacterized protein				G5ECJ5	Baculoviral IAP repeat-containing protein bir-2	metal ion binding [GO:0046872]		
A0A3Q0KSX3	O01975	0.117	220	190	0	3	222	23	238	7.302e-07	170	A0A3Q0KSX3	Uncharacterized protein		nucleus [GO:0005634]	regulation of exit from mitosis [GO:0007096]	O01975	Protein cmt-1			
A0A3Q0KR51	P21541	0.232	715	528	0	10	698	75	789	3.0170000000000004e-26	1151	A0A3Q0KR51	Uncharacterized protein				P21541	Early embryogenesis protein zyg-11	cyclin binding [GO:0030332]	Cul2-RING ubiquitin ligase complex [GO:0031462]	anaphase-promoting complex-dependent catabolic process [GO:0031145]; anterior/posterior axis specification, embryo [GO:0008595]; embryo development ending in birth or egg hatching [GO:0009792]; meiotic cell cycle [GO:0051321]; positive regulation of metaphase/anaphase transition of meiotic cell cycle [GO:1902104]; positive regulation of proteasomal ubiquitin-dependent protein catabolic process [GO:0032436]; sister chromosome movement towards spindle pole involved in meiotic sister chromatid segregation [GO:0051759]
G4VB51	Q7YTI4	0.248	307	225	0	1	307	1	300	3.688e-16	485	G4VB51	Uncharacterized protein	ATP binding [GO:0005524]			Q7YTI4	Protein KTI12 homolog	ATP binding [GO:0005524]		regulation of transcription by RNA polymerase II [GO:0006357]; tRNA modification [GO:0006400]
A0A5K4F3B6	Q22830	0.354	1836	1118	0	1	1836	1	1732	0.0	4745	A0A5K4F3B6	Uncharacterized protein		membrane [GO:0016020]		Q22830	Intraflagellar transport protein osm-1 (Osmotic avoidance abnormal protein 1)		axoneme [GO:0005930]; ciliary basal body [GO:0036064]; ciliary transition zone [GO:0035869]; cilium [GO:0005929]; intraciliary transport particle B [GO:0030992]; non-motile cilium [GO:0097730]	cilium assembly [GO:0060271]; dauer entry [GO:0043053]; intraciliary transport [GO:0042073]; non-motile cilium assembly [GO:1905515]
A0A3Q0KS11	Q8I0Z1	0.217	180	138	0	649	825	563	742	1.251	29	A0A3Q0KS11	Uncharacterized protein				Q8I0Z1	CARD domain-containing protein (CCCP-1)	small GTPase binding [GO:0031267]	axon [GO:0030424]; neuronal cell body [GO:0043025]; perinuclear region of cytoplasm [GO:0048471]; trans-Golgi network [GO:0005802]	dense core granule maturation [GO:1990502]; regulation of apoptotic process [GO:0042981]; regulation of locomotion involved in locomotory behavior [GO:0090325]; vesicle cytoskeletal trafficking [GO:0099518]
A0A5K4E9P0	O62220	0.401	170	100	0	4	171	2	171	3.294e-17	629	A0A5K4E9P0	Uncharacterized protein				O62220	Acidic leucine-rich nuclear phosphoprotein 32-related protein 1 (ANP32/acidic nuclear phosphoprotein-like protein 1)	histone binding [GO:0042393]		
G4V975	Q95QS4	0.293	241	157	0	1	241	1	223	3.237e-17	522	G4V975	Uncharacterized protein		nucleolus [GO:0005730]; small-subunit processome [GO:0032040]	rRNA processing [GO:0006364]	Q95QS4	rRNA-processing protein UTP23 homolog	small ribosomal subunit rRNA binding [GO:0070181]	nucleolus [GO:0005730]; small-subunit processome [GO:0032040]	rRNA processing [GO:0006364]
A0A5K4FER3	Q23165	0.177	709	470	0	1	709	6	577	7.054e-23	430	A0A5K4FER3	Uncharacterized protein	phosphatidylinositol binding [GO:0035091]; small GTPase binding [GO:0031267]; ubiquitin binding [GO:0043130]	early endosome membrane [GO:0031901]; trans-Golgi network [GO:0005802]	intracellular protein transport [GO:0006886]; vesicle-mediated transport [GO:0016192]	Q23165	ADP-ribosylation factor-binding protein GGA1	phosphatidylinositol binding [GO:0035091]; small GTPase binding [GO:0031267]; ubiquitin binding [GO:0043130]	early endosome membrane [GO:0031901]; trans-Golgi network [GO:0005802]	Golgi to plasma membrane transport [GO:0006893]; intracellular protein transport [GO:0006886]; protein localization to cell surface [GO:0034394]; protein secretion [GO:0009306]
A0A5K4FD49	Q9XTY5	0.535	111	49	0	9	115	46	156	2.906e-12	483	A0A5K4FD49	Uncharacterized protein	structural constituent of ribosome [GO:0003735]	small ribosomal subunit [GO:0015935]	translation [GO:0006412]	Q9XTY5	Mitochondrial Ribosomal Protein, Small	structural constituent of ribosome [GO:0003735]	mitochondrial small ribosomal subunit [GO:0005763]; ribosome [GO:0005840]	mitochondrial translation [GO:0032543]; translation [GO:0006412]
A0A5K4FE91	Q18046	0.225	593	313	0	28	620	45	449	1.0240000000000001e-26	737	A0A5K4FE91	Uncharacterized protein				Q18046	DUF2045 domain containing protein			
A0A3Q0KTZ3	Q18242	0.139	188	153	0	78	265	16	194	4.366e-09	233	A0A3Q0KTZ3	Uncharacterized protein				Q18242	Phospholipid scramblase			
G4VCP6	P42000	0.213	419	306	0	53	442	11	429	2.4490000000000002e-30	990	G4VCP6	Uncharacterized protein		nucleolus [GO:0005730]	rRNA processing [GO:0006364]	P42000	U3 small nucleolar RNA-associated protein 18 homolog		Pwp2p-containing subcomplex of 90S preribosome [GO:0034388]; small-subunit processome [GO:0032040]	rRNA processing [GO:0006364]
A0A5K4FE46	H2KZB2	0.235	431	284	0	17	447	31	402	2.265e-22	679	A0A5K4FE46	Uncharacterized protein				H2KZB2	Ankyrin repeat and LEM domain-containing protein 2 homolog (LEM domain-containing protein 4-like)	protein phosphatase 2A binding [GO:0051721]	endoplasmic reticulum [GO:0005783]; nuclear envelope [GO:0005635]; nuclear membrane [GO:0031965]	cell division [GO:0051301]; mitotic nuclear membrane reassembly [GO:0007084]; negative regulation of phosphorylation [GO:0042326]; positive regulation of protein dephosphorylation [GO:0035307]
A0A5K4FEN7	Q21194	0.23	252	188	0	14	265	35	279	9.105e-08	313	A0A5K4FEN7	Uncharacterized protein			intracellular signal transduction [GO:0035556]	Q21194	Guanine nucleotide exchange factor rei-2	GTP binding [GO:0005525]; protein kinase inhibitor activity [GO:0004860]	cytoplasm [GO:0005737]	cell cycle [GO:0007049]; cell division [GO:0051301]; intracellular signal transduction [GO:0035556]; negative regulation of protein tyrosine kinase activity [GO:0061099]
A0A5K4FAP2	Q20374	0.125	287	211	0	603	889	591	832	0.09265	58	A0A5K4FAP2	Uncharacterized protein			deadenylation-dependent decapping of nuclear-transcribed mRNA [GO:0000290]	Q20374	Protein PAT1 homolog 1	RNA binding [GO:0003723]	P-body [GO:0000932]	deadenylation-dependent decapping of nuclear-transcribed mRNA [GO:0000290]; determination of adult lifespan [GO:0008340]; P-body assembly [GO:0033962]
A0A3Q0KKW1	Q18825	0.071	1028	505	0	35	1062	120	664	0.001313	104	A0A3Q0KKW1	Uncharacterized protein				Q18825	Beta-catenin/armadillo-related protein 1 (Protruding vulva protein 1) (Suppressor of polyray 1)	alpha-catenin binding [GO:0045294]; cadherin binding [GO:0045296]; DNA-binding transcription factor binding [GO:0140297]; protein phosphatase binding [GO:0019903]; RNA polymerase II-specific DNA-binding transcription factor binding [GO:0061629]; transcription coactivator activity [GO:0003713]	adherens junction [GO:0005912]; catenin complex [GO:0016342]; cell junction [GO:0030054]; cytoplasm [GO:0005737]; cytosol [GO:0005829]; membrane [GO:0016020]; nucleus [GO:0005634]	canonical Wnt signaling pathway [GO:0060070]; cell adhesion [GO:0007155]; cell fate specification [GO:0001708]; cell-cell adhesion [GO:0098609]; cellular response to oxidative stress [GO:0034599]; collagen and cuticulin-based cuticle development [GO:0040002]; dauer larval development [GO:0040024]; defense response to Gram-positive bacterium [GO:0050830]; determination of adult lifespan [GO:0008340]; egg-laying behavior [GO:0018991]; establishment of mitotic spindle orientation [GO:0000132]; left/right axis specification [GO:0070986]; mating behavior [GO:0007617]; morphogenesis of an epithelium [GO:0002009]; positive regulation of distal tip cell migration [GO:1903356]; positive regulation of transcription by RNA polymerase II [GO:0045944]; positive regulation of vulval development [GO:0040026]; programmed cell death involved in cell development [GO:0010623]; Ras protein signal transduction [GO:0007265]; regulation of backward locomotion [GO:0043058]; regulation of cell fate specification [GO:0042659]; regulation of cell migration [GO:0030334]; regulation of vulval development [GO:0040028]; vulval development [GO:0040025]
A0A3Q0KL94	O45685	0.277	119	81	0	42	154	31	149	0.2453	64	A0A3Q0KL94	Uncharacterized protein		lysosomal membrane [GO:0005765]		O45685	BLOC-1-related complex subunit 8 homolog		BORC complex [GO:0099078]; lysosomal membrane [GO:0005765]	
A0A3Q0KMJ5	Q9NEM5	0.1	574	411	0	6	463	19	592	0.5229	43	A0A3Q0KMJ5	Uncharacterized protein				Q9NEM5	Helicase sen1			
A0A5K4EKV1	Q17532	0.112	527	448	0	184	689	73	599	9.513e-05	126	A0A5K4EKV1	Uncharacterized protein				Q17532	RAP domain-containing protein	kinase activity [GO:0016301]; RNA binding [GO:0003723]	mitochondrial matrix [GO:0005759]; ribonucleoprotein granule [GO:0035770]	mitochondrial RNA processing [GO:0000963]; phosphorylation [GO:0016310]; regulation of mitochondrial mRNA stability [GO:0044528]
A0A3Q0KFX0	Q9BKR5	0.307	1019	635	0	1	1019	1	917	1.8080000000000002e-65	1714	A0A3Q0KFX0	Uncharacterized protein				Q9BKR5	Nuclear export mediator factor NEMF	ribosomal large subunit binding [GO:0043023]; tRNA binding [GO:0000049]	RQC complex [GO:1990112]	rescue of stalled ribosome [GO:0072344]; ribosome-associated ubiquitin-dependent protein catabolic process [GO:1990116]
A0A3Q0KI43	C6KRG5	0.096	271	224	0	9	279	25	273	2.17e-08	214	A0A3Q0KI43	Uncharacterized protein				C6KRG5	IRS-type PTB domain-containing protein	protein kinase binding [GO:0019901]		neuromuscular junction development [GO:0007528]; positive regulation of protein tyrosine kinase activity [GO:0061098]
A0A5K4F6N7	Q20291	0.269	130	88	0	4	133	7	128	1.291e-06	275	A0A5K4F6N7	Uncharacterized protein		membrane [GO:0016020]	mitochondrial fission [GO:0000266]	Q20291	FIS1-related protein fis-1 (Mitochondrial fission 1 protein fis-1)		mitochondrial outer membrane [GO:0005741]; peroxisomal membrane [GO:0005778]	autophagy of mitochondrion [GO:0000422]; DNA damage response [GO:0006974]; mitochondrial fission [GO:0000266]; mitochondrial fragmentation involved in apoptotic process [GO:0043653]; peroxisome fission [GO:0016559]
A0A5K4FH78	Q95QD5	0.556	133	58	0	1	132	108	240	2.377e-19	796	A0A5K4FH78	Uncharacterized protein	copper ion binding [GO:0005507]	mitochondrial inner membrane [GO:0005743]		Q95QD5	Cytochrome c oxidase assembly protein COX11, mitochondrial	copper ion binding [GO:0005507]	mitochondrial inner membrane [GO:0005743]	
A0A5K4F234	Q9N4H7	0.474	1306	648	0	1	1306	1	1232	0.0	4935	A0A5K4F234	Uncharacterized protein	structural molecule activity [GO:0005198]	COPI vesicle coat [GO:0030126]; Golgi membrane [GO:0000139]	endoplasmic reticulum to Golgi vesicle-mediated transport [GO:0006888]; intracellular protein transport [GO:0006886]	Q9N4H7	Coatomer subunit alpha	structural molecule activity [GO:0005198]	COPI vesicle coat [GO:0030126]; Golgi membrane [GO:0000139]	endoplasmic reticulum to Golgi vesicle-mediated transport [GO:0006888]; intra-Golgi vesicle-mediated transport [GO:0006891]; intracellular protein transport [GO:0006886]; retrograde vesicle-mediated transport, Golgi to endoplasmic reticulum [GO:0006890]
A0A3Q0KI36	Q9N4H1	0.272	457	293	0	1	457	1	403	1.765e-41	1315	A0A3Q0KI36	Uncharacterized protein	methyltransferase activity [GO:0008168]; nucleic acid binding [GO:0003676]		macromolecule methylation [GO:0043414]; nitrogen compound metabolic process [GO:0006807]; primary metabolic process [GO:0044238]	Q9N4H1	tRNA (guanine(10)-N2)-methyltransferase homolog (tRNA guanosine-2'-O-methyltransferase TRM11 homolog)	nucleic acid binding [GO:0003676]; tRNA (guanine-N2-)-methyltransferase activity [GO:0004809]	cytoplasm [GO:0005737]	
A0A5K4F001	P90788	0.385	547	307	0	56	602	74	573	3.636e-46	1370	A0A5K4F001	Uncharacterized protein	ATP binding [GO:0005524]; ATP hydrolysis activity [GO:0016887]			P90788	ATP-dependent Clp protease ATP-binding subunit clpX-like, mitochondrial	ATP binding [GO:0005524]; ATP hydrolysis activity [GO:0016887]	mitochondrial matrix [GO:0005759]	proteolysis involved in protein catabolic process [GO:0051603]
A0A5K4F2M1	G5EDH7	0.12	247	201	0	24	252	37	283	6.86e-06	143	A0A5K4F2M1	Uncharacterized protein				G5EDH7	N-acetyltransferase domain-containing protein	N-acetyltransferase activity [GO:0008080]		
A0A5K4FG35	Q93795	0.343	456	281	0	28	483	5	433	1.295e-32	1400	A0A5K4FG35	Uncharacterized protein	catalytic activity, acting on a tRNA [GO:0140101]; nucleotidyltransferase activity [GO:0016779]; RNA binding [GO:0003723]		tRNA 3'-terminal CCA addition [GO:0001680]	Q93795	CCA tRNA nucleotidyltransferase 1, mitochondrial	catalytic activity, acting on a tRNA [GO:0140101]; nucleotidyltransferase activity [GO:0016779]; tRNA binding [GO:0000049]	mitochondrion [GO:0005739]	mitochondrial tRNA 3'-end processing [GO:1990180]; tRNA 3'-terminal CCA addition [GO:0001680]
A0A3Q0KBX5	Q21210	0.137	1182	852	0	30	1211	1	988	4.706e-15	528	A0A3Q0KBX5	Uncharacterized protein	DNA binding [GO:0003677]	nucleolus [GO:0005730]	regulation of DNA-templated transcription [GO:0006355]	Q21210	TOG domain-containing protein	sequence-specific DNA binding [GO:0043565]; transcription corepressor activity [GO:0003714]	nucleolus [GO:0005730]	
A0A5K4FDA7	P90761	0.375	527	314	0	1581	2107	1115	1617	5.965e-61	2091	A0A5K4FDA7	Uncharacterized protein		cytoplasm [GO:0005737]	endocytosis [GO:0006897]	P90761	Putative stoned B-like protein (Adaptin-related protein 10) (Uncoordinated protein 41)	clathrin adaptor activity [GO:0035615]	AP-2 adaptor complex [GO:0030122]; synapse [GO:0045202]; synaptic vesicle [GO:0008021]	clathrin-dependent endocytosis [GO:0072583]; positive regulation of locomotion [GO:0040017]; regulation of endocytosis [GO:0030100]; synaptic vesicle endocytosis [GO:0048488]
C4QP69	Q21215	0.628	300	110	0	3	300	19	318	1.3839999999999999e-40	1764	C4QP69	Uncharacterized protein	ribosome binding [GO:0043022]; translation regulator activity [GO:0045182]	ribosome [GO:0005840]		Q21215	Small ribosomal subunit protein RACK1 (Guanine nucleotide-binding protein subunit beta-2-like 1)	protein kinase C binding [GO:0005080]; ribosome binding [GO:0043022]; translation regulator activity [GO:0045182]	axon [GO:0030424]; cell body [GO:0044297]; centrosome [GO:0005813]; cytoplasm [GO:0005737]; cytosol [GO:0005829]; growth cone [GO:0030426]; kinetochore [GO:0000776]; nuclear envelope [GO:0005635]; nucleus [GO:0005634]; ribonucleoprotein complex [GO:1990904]; ribosome [GO:0005840]	chromosome separation [GO:0051304]; defense response to fungus [GO:0050832]; embryo development ending in birth or egg hatching [GO:0009792]; mitotic cytokinesis [GO:0000281]; motor neuron axon guidance [GO:0008045]; polar body extrusion after meiotic divisions [GO:0040038]; positive regulation of protein phosphorylation [GO:0001934]; protein localization to organelle [GO:0033365]; regulation of cell migration [GO:0030334]; rescue of stalled ribosome [GO:0072344]
A0A3Q0KLV6	Q9U3I0	0.516	60	29	0	7	66	3	62	3.875e-05	193	A0A3Q0KLV6	Uncharacterized protein	DNA binding [GO:0003677]; DNA-directed 5'-3' RNA polymerase activity [GO:0003899]; zinc ion binding [GO:0008270]		DNA-templated transcription [GO:0006351]	Q9U3I0	DNA-directed RNA polymerases I, II, and III subunit RPABC4	DNA binding [GO:0003677]; DNA-directed 5'-3' RNA polymerase activity [GO:0003899]; zinc ion binding [GO:0008270]	RNA polymerase I complex [GO:0005736]; RNA polymerase II, core complex [GO:0005665]; RNA polymerase III complex [GO:0005666]	transcription by RNA polymerase I [GO:0006360]; transcription by RNA polymerase II [GO:0006366]; transcription by RNA polymerase III [GO:0006383]
A0A5K4FBW5	Q23049	0.311	472	318	0	4	475	45	506	3.038e-26	1340	A0A5K4FBW5	Uncharacterized protein		BBSome [GO:0034464]	non-motile cilium assembly [GO:1905515]	Q23049	Tetratricopeptide repeat protein 8 (Bardet-Biedl syndrome 8 protein homolog)		BBSome [GO:0034464]; ciliary basal body [GO:0036064]; ciliary base [GO:0097546]; cilium [GO:0005929]; cytoplasm [GO:0005737]; dendrite terminus [GO:0044292]; neuron projection [GO:0043005]; non-motile cilium [GO:0097730]	chemotaxis [GO:0006935]; cilium assembly [GO:0060271]; intraciliary transport [GO:0042073]; non-motile cilium assembly [GO:1905515]; olfactory learning [GO:0008355]; positive regulation of intraciliary anterograde transport [GO:1905798]; positive regulation of intraciliary retrograde transport [GO:1905801]; positive regulation of protein localization to ciliary membrane [GO:1903569]; protein localization to microvillus membrane [GO:1904107]; protein transport [GO:0015031]
A0A3Q0KGX6	P34539	0.385	57	33	0	1	57	1	54	0.00156	133	A0A3Q0KGX6	Uncharacterized protein	proton-transporting ATP synthase activity, rotational mechanism [GO:0046933]	mitochondrial proton-transporting ATP synthase complex, catalytic sector F(1) [GO:0000275]		P34539	Putative ATP synthase subunit epsilon, mitochondrial (ATPase subunit epsilon)	proton-transporting ATP synthase activity, rotational mechanism [GO:0046933]	mitochondrial inner membrane [GO:0005743]; mitochondrial proton-transporting ATP synthase complex, catalytic sector F(1) [GO:0000275]; mitochondrion [GO:0005739]	proton motive force-driven mitochondrial ATP synthesis [GO:0042776]
G4V700	Q21601	0.282	138	98	0	4	141	6	143	4.432e-10	306	G4V700	Uncharacterized protein	structural constituent of ribosome [GO:0003735]	mitochondrion [GO:0005739]		Q21601	Mitochondrial Ribosomal Protein, Small	structural constituent of ribosome [GO:0003735]	mitochondrial small ribosomal subunit [GO:0005763]	mitochondrial translation [GO:0032543]
G4LVB1	Q19259	0.171	196	153	0	8	203	2	187	2.422e-06	207	G4LVB1	Uncharacterized protein		endoplasmic reticulum membrane [GO:0005789]	vacuolar proton-transporting V-type ATPase complex assembly [GO:0070072]	Q19259	Transmembrane protein 199		endomembrane system [GO:0012505]; endoplasmic reticulum membrane [GO:0005789]	vacuolar proton-transporting V-type ATPase complex assembly [GO:0070072]
A0A3Q0KV12	O45086	0.185	653	437	0	2	654	42	578	1.1870000000000001e-36	1228	A0A3Q0KV12	Uncharacterized protein		membrane [GO:0016020]		O45086	Mab-21 domain-containing protein		membrane [GO:0016020]	
A0A5K4F2E4	Q564X0	0.158	583	438	0	15	535	30	612	7.641e-13	368	A0A5K4F2E4	Uncharacterized protein	aspartic-type endopeptidase activity [GO:0004190]	membrane [GO:0016020]		Q564X0	IntraMembrane Protease (IMPAS) family	aspartic endopeptidase activity, intramembrane cleaving [GO:0042500]	endoplasmic reticulum membrane [GO:0005789]; Golgi-associated vesicle membrane [GO:0030660]; lysosomal membrane [GO:0005765]; plasma membrane [GO:0005886]	membrane protein proteolysis [GO:0033619]
A0A5K4FDJ8	Q9XVS7	0.189	324	241	0	66	389	74	371	1.556e-19	404	A0A5K4FDJ8	Uncharacterized protein				Q9XVS7	Nuclear RNA export factor 1	RNA binding [GO:0003723]	cytoplasm [GO:0005737]; nuclear envelope [GO:0005635]; nuclear pore [GO:0005643]; nucleolus [GO:0005730]; nucleoplasm [GO:0005654]; nucleus [GO:0005634]	poly(A)+ mRNA export from nucleus [GO:0016973]
A0A5K4F073	Q95XP9	0.126	553	440	0	19	523	78	630	4.168e-14	355	A0A5K4F073	Uncharacterized protein				Q95XP9	Protein zwilch homolog		cell cortex [GO:0005938]; kinetochore [GO:0000776]; RZZ complex [GO:1990423]; spindle [GO:0005819]	cell division [GO:0051301]; meiotic cell cycle [GO:0051321]; mitotic spindle assembly checkpoint signaling [GO:0007094]; positive regulation of mitotic spindle pole body separation [GO:0010696]; positive regulation of protein localization to kinetochore [GO:1905342]; protein localization to kinetochore [GO:0034501]; protein localization to kinetochore involved in kinetochore assembly [GO:1903394]; regulation of attachment of spindle microtubules to kinetochore [GO:0051988]
A0A5K4F0A7	Q9XTQ6	0.293	595	388	0	19	613	86	635	2.732e-52	1783	A0A5K4F0A7	Uncharacterized protein	copper ion binding [GO:0005507]; dopamine beta-monooxygenase activity [GO:0004500]	membrane [GO:0016020]		Q9XTQ6	Tyramine beta-hydroxylase (EC 1.14.17.-)	copper ion binding [GO:0005507]; dopamine beta-monooxygenase activity [GO:0004500]; tyramine-beta hydroxylase activity [GO:0004836]	extracellular space [GO:0005615]; secretory granule membrane [GO:0030667]; synapse [GO:0045202]	dopamine catabolic process [GO:0042420]; norepinephrine biosynthetic process [GO:0042421]; octopamine biosynthetic process [GO:0006589]
A0A3Q0KM43	A0A5E4LWH3	0.146	658	377	0	2	659	4	445	3.299e-09	286	A0A3Q0KM43	Uncharacterized protein		membrane [GO:0016020]		A0A5E4LWH3	Protein tincar		membrane [GO:0016020]	
G4VKF6	P48322	0.146	594	497	0	1	594	26	608	9.981e-12	400	G4VKF6	Uncharacterized protein	RNA polymerase I general transcription initiation factor activity [GO:0001181]	membrane [GO:0016020]	transcription initiation at RNA polymerase I promoter [GO:0006361]	P48322	Uncharacterized protein C36E8.1	RNA polymerase I core binding [GO:0001042]; RNA polymerase I general transcription initiation factor activity [GO:0001181]	nucleus [GO:0005634]	transcription initiation at RNA polymerase I promoter [GO:0006361]
A0A5K4FC62	P34692	0.308	309	203	0	1	309	123	417	9.068000000000001e-26	854	A0A5K4FC62	Uncharacterized protein				P34692	PHAF1 protein T01G9.2		cytoplasm [GO:0005737]; phagophore assembly site [GO:0000407]; striated muscle dense body [GO:0055120]; trans-Golgi network [GO:0005802]	Golgi to plasma membrane protein transport [GO:0043001]
A0A5K4F817	G5ED58	0.162	432	329	0	24	455	12	405	1.549e-08	263	A0A5K4F817	Uncharacterized protein	microtubule binding [GO:0008017]	cytoplasm [GO:0005737]; cytoskeleton [GO:0005856]	microtubule cytoskeleton organization [GO:0000226]	G5ED58	Protein regulator of cytokinesis 1 (SPD-1)	microtubule binding [GO:0008017]	cytoplasm [GO:0005737]; microtubule [GO:0005874]; mitotic spindle midzone [GO:1990023]; nucleus [GO:0005634]; spindle [GO:0005819]	ciliary body morphogenesis [GO:0061073]; embryo development ending in birth or egg hatching [GO:0009792]; gonad development [GO:0008406]; microtubule bundle formation involved in mitotic spindle midzone assembly [GO:1903562]; microtubule cytoskeleton organization [GO:0000226]; mitotic spindle midzone assembly [GO:0051256]; mitotic spindle organization [GO:0007052]; positive regulation of locomotion [GO:0040017]; regulation of multicellular organism growth [GO:0040014]
A0A5K4FAC5	Q9XUY5	0.312	290	191	0	3	281	20	309	5.6650000000000005e-25	757	A0A5K4FAC5	Uncharacterized protein		sodium:potassium-exchanging ATPase complex [GO:0005890]	potassium ion transport [GO:0006813]; sodium ion transport [GO:0006814]	Q9XUY5	Probable sodium/potassium-transporting ATPase subunit beta-3 (Sodium/potassium-dependent ATPase subunit beta-3)	ATPase activator activity [GO:0001671]	sodium:potassium-exchanging ATPase complex [GO:0005890]	intracellular potassium ion homeostasis [GO:0030007]; intracellular sodium ion homeostasis [GO:0006883]; potassium ion import across plasma membrane [GO:1990573]; sodium ion export across plasma membrane [GO:0036376]
G4VQM4	Q9XUU9	0.311	183	125	0	1	182	1	183	7.715e-08	357	G4VQM4	Uncharacterized protein		endoplasmic reticulum membrane [GO:0005789]	endoplasmic reticulum organization [GO:0007029]	Q9XUU9	Protein jagunal homolog		endoplasmic reticulum membrane [GO:0005789]	endoplasmic reticulum organization [GO:0007029]; vesicle-mediated transport [GO:0016192]
A0A5K4EFC2	A0A2R8F5A8	0.351	74	47	0	30	103	12	85	0.0001154	207	A0A5K4EFC2	Uncharacterized protein				A0A2R8F5A8	Complex 1 LYR protein domain-containing protein		L-cysteine desulfurase complex [GO:1990221]; mitochondrion [GO:0005739]	iron-sulfur cluster assembly [GO:0016226]
A0A5K4F9B2	P45967	0.318	88	55	0	32	112	5	92	0.0004089	127	A0A5K4F9B2	Uncharacterized protein				P45967	Uncharacterized protein mdmh-35 (Mitochondrial intermembrane space protein homolog 35)			
A0A5K4FB41	Q7YTU0	0.174	1565	1201	0	18	1582	24	1478	3.156e-82	3093	A0A5K4FB41	Uncharacterized protein	endopeptidase inhibitor activity [GO:0004866]	extracellular space [GO:0005615]; membrane [GO:0016020]		Q7YTU0	TEP (ThiolEster containing Protein)	endopeptidase inhibitor activity [GO:0004866]	extracellular space [GO:0005615]	
A0A3Q0KKP4	O16524	0.161	1344	893	0	4	1347	21	1085	2.757e-34	753	A0A3Q0KKP4	Uncharacterized protein				O16524	U2A'/phosphoprotein 32 family A C-terminal domain-containing protein			
A0A3Q0KF56	Q9XX11	0.314	194	128	0	22	215	1	188	1.51e-16	543	A0A3Q0KF56	Uncharacterized protein	protein-lysine N-methyltransferase activity [GO:0016279]	membrane [GO:0016020]	methylation [GO:0032259]	Q9XX11	ATP synthase subunit C lysine N-methyltransferase (EC 2.1.1.-)	histone methyltransferase activity [GO:0042054]; protein-lysine N-methyltransferase activity [GO:0016279]	mitochondrion [GO:0005739]	peptidyl-lysine trimethylation [GO:0018023]; positive regulation of proton-transporting ATP synthase activity, rotational mechanism [GO:1905273]; regulation of mitochondrial ATP synthesis coupled proton transport [GO:1905706]
G4VB16	O18211	0.441	348	187	0	1	348	3	337	1.3180000000000002e-26	1422	G4VB16	Uncharacterized protein				O18211	MO25-like protein 2	protein serine/threonine kinase activator activity [GO:0043539]	cytoplasm [GO:0005737]; spindle pole [GO:0000922]	asymmetric neuroblast division [GO:0055059]; intracellular signal transduction [GO:0035556]
A0A5K4EYD9	G5EEK3	0.2	35	27	0	551	585	542	576	155.0	-3	A0A5K4EYD9	Uncharacterized protein				G5EEK3	Non-centrosomal microtubule array protein 1		adherens junction [GO:0005912]; apical plasma membrane [GO:0016324]; cytoplasm [GO:0005737]; hemidesmosome [GO:0030056]; microtubule [GO:0005874]	cytoplasmic microtubule organization [GO:0031122]; germ cell development [GO:0007281]; nematode larval development [GO:0002119]
A0A3Q0KFP2	Q21096	0.169	543	407	0	57	599	2	492	5.34e-16	497	A0A3Q0KFP2	Uncharacterized protein		membrane [GO:0016020]; mitochondrion [GO:0005739]	mitochondrial fusion [GO:0008053]	Q21096	MItoGuArdin homolog		membrane [GO:0016020]; mitochondrion [GO:0005739]	mitochondrial fusion [GO:0008053]
A0A3Q0KRC1	M4Q8W4	0.137	403	245	0	136	538	127	411	0.006763	72	A0A3Q0KRC1	Uncharacterized protein		membrane [GO:0016020]		M4Q8W4	NCA Localization Factor (NLF-1)			
G4VPP9	O01908	0.108	82	71	0	45	125	96	177	1.917e-05	246	G4VPP9	Uncharacterized protein				O01908	Fas apoptotic inhibitory molecule 1			I-kappaB kinase/NF-kappaB signaling [GO:0007249]; negative regulation of extrinsic apoptotic signaling pathway via death domain receptors [GO:1902042]; positive regulation of neurogenesis [GO:0050769]
A0A5K4F4I7	Q9N3X3	0.173	364	252	0	4	367	1	306	5.369e-20	570	A0A5K4F4I7	Uncharacterized protein	pseudouridine synthase activity [GO:0009982]; RNA binding [GO:0003723]		pseudouridine synthesis [GO:0001522]	Q9N3X3	TruB_N domain-containing protein	pseudouridine synthase activity [GO:0009982]; RNA binding [GO:0003723]		pseudouridine synthesis [GO:0001522]
G4VSW1	A0A4V0IJP4	0.202	170	131	0	1	170	13	177	3.824e-08	221	G4VSW1	Uncharacterized protein				A0A4V0IJP4	UAE_UbL domain-containing protein			
G4VJF7	P34473	0.231	184	140	0	60	243	19	201	1.175e-07	231	G4VJF7	Uncharacterized protein				P34473	Uncharacterized protein F58A4.6			
A0A5K4F3J0	O44500	0.143	734	609	0	7	740	5	716	1.644e-30	846	A0A5K4F3J0	Uncharacterized protein		cytoplasm [GO:0005737]; nucleus [GO:0005634]		O44500	Protein asunder (Cell cycle regulator Mat89Bb) (Set apart in position or space protein)		integrator complex [GO:0032039]; perinuclear region of cytoplasm [GO:0048471]	centrosome localization [GO:0051642]; meiotic cell cycle [GO:0051321]; regulation of mitotic cell cycle [GO:0007346]; spermatogenesis [GO:0007283]
A0A3Q0KIF1	G5ED30	0.234	177	131	0	8	184	18	189	1.367e-08	323	A0A3Q0KIF1	Uncharacterized protein		membrane [GO:0016020]		G5ED30	Cell junction protein VAB-9 (Transmembrane protein 47)		cell junction [GO:0030054]; cell-cell junction [GO:0005911]; membrane [GO:0016020]	cell-cell adhesion [GO:0098609]; defense response to Gram-negative bacterium [GO:0050829]; innate immune response [GO:0045087]
A0A5K4F9I6	O62091	0.074	138	120	0	3	140	18	148	0.005776	53	A0A5K4F9I6	Uncharacterized protein				O62091	FIP (Fungus-Induced Protein) Related			innate immune response [GO:0045087]
G4VS51	Q9U2Z9	0.395	139	80	0	10	143	18	156	4.6e-09	386	G4VS51	Uncharacterized protein		membrane [GO:0016020]		Q9U2Z9	Transmembrane protein 256 homolog		membrane [GO:0016020]	
A0A3Q0KQ57	P41842	0.241	763	574	0	30	792	14	770	1.211e-34	1590	A0A3Q0KQ57	Uncharacterized protein				P41842	Tetratricopeptide repeat-containing protein trd-1 (TPR repeat protein 27) (Tetratricopeptide repeat regulator of differentiation protein 1)		cytoplasm [GO:0005737]	cell differentiation [GO:0030154]
G4M0R8	Q20070	0.146	130	108	0	3	132	10	137	2.712e-05	224	G4M0R8	Uncharacterized protein	transcription corepressor activity [GO:0003714]		negative regulation of transcription by RNA polymerase II [GO:0000122]	Q20070	Spindle and kinetochore-associated protein 2	unfolded protein binding [GO:0051082]	cytoplasm [GO:0005737]; prefoldin complex [GO:0016272]	protein folding [GO:0006457]; RNA polymerase I assembly [GO:1990113]; RNA polymerase II core complex assembly [GO:1990114]; RNA polymerase III assembly [GO:1990115]
A0A5K4F8V4	G5EG80	0.313	411	278	0	76	480	5	415	5.752999999999999e-41	933	A0A5K4F8V4	Uncharacterized protein	zinc ion binding [GO:0008270]	cytoplasm [GO:0005737]	regulation of apoptotic process [GO:0042981]; signal transduction [GO:0007165]	G5EG80	TNF Receptor Associated Factor (TRAF) homolog (TRF-1)	zinc ion binding [GO:0008270]	cytoplasm [GO:0005737]	defense response to Gram-negative bacterium [GO:0050829]; innate immune response [GO:0045087]; positive regulation of JNK cascade [GO:0046330]; protein K63-linked ubiquitination [GO:0070534]; regulation of apoptotic process [GO:0042981]; regulation of I-kappaB kinase/NF-kappaB signaling [GO:0043122]; tumor necrosis factor-mediated signaling pathway [GO:0033209]
A0A3Q0KNK6	Q86NH1	0.257	433	269	0	893	1325	610	972	1.0940000000000001e-25	774	A0A3Q0KNK6	Uncharacterized protein			signal transduction [GO:0007165]	Q86NH1	Rho GTPase-activating protein syd-1 (Axon identity specification protein syd-1) (Synapse defective protein 1)	GTPase activator activity [GO:0005096]; Roundabout binding [GO:0048495]; signaling receptor binding [GO:0005102]; small GTPase binding [GO:0031267]	neuron projection [GO:0043005]; presynaptic membrane [GO:0042734]; synapse [GO:0045202]; synaptic membrane [GO:0097060]	activation of GTPase activity [GO:0090630]; axo-dendritic transport [GO:0008088]; cell differentiation [GO:0030154]; cell migration [GO:0016477]; cell projection organization [GO:0030030]; locomotion [GO:0040011]; nervous system development [GO:0007399]; protein localization [GO:0008104]; regulation of Ras protein signal transduction [GO:0046578]; signal transduction [GO:0007165]
A0A5K4ER03	Q8MYM9	0.232	111	84	0	36	146	24	133	0.005081	134	A0A5K4ER03	Uncharacterized protein		mitochondrial inner membrane [GO:0005743]	intrinsic apoptotic signaling pathway [GO:0097193]	Q8MYM9	COA8 family protein Y39B6A.34, mitochondrial (COA8) (APOPT family protein Y39B6A.34, mitochondrial)		mitochondrial inner membrane [GO:0005743]; mitochondrion [GO:0005739]	intrinsic apoptotic signaling pathway [GO:0097193]
A0A5K4F002	Q7JL16	0.188	322	193	0	28	349	9	247	5.103e-08	333	A0A5K4F002	Uncharacterized protein		membrane [GO:0016020]		Q7JL16	Aquaporin	channel activity [GO:0015267]	cytoplasm [GO:0005737]; membrane [GO:0016020]	
A0A5K4F256	P91093	0.352	382	241	0	7	379	11	392	5.38e-24	1100	A0A5K4F256	Uncharacterized protein	transferase activity [GO:0016740]		isoprenoid biosynthetic process [GO:0008299]	P91093	Decaprenyl-diphosphate synthase subunit 2	prenyltransferase activity [GO:0004659]; transferase activity, transferring alkyl or aryl (other than methyl) groups [GO:0016765]	extrinsic component of mitochondrial inner membrane [GO:0031314]; transferase complex [GO:1990234]	isoprenoid biosynthetic process [GO:0008299]; pheromone biosynthetic process [GO:0042811]; ubiquinone biosynthetic process [GO:0006744]
G4VGT0	Q10045	0.419	260	141	0	26	285	46	289	3.612e-18	781	G4VGT0	Uncharacterized protein		membrane [GO:0016020]		Q10045	Protein unc-50 (Uncoordinated protein 50)		Golgi membrane [GO:0000139]	receptor localization to synapse [GO:0097120]; regulation of muscle contraction [GO:0006937]
A0A5K4FD78	Q20021	0.149	342	226	0	92	433	80	345	2.186e-07	162	A0A5K4FD78	Uncharacterized protein		membrane [GO:0016020]		Q20021	Transmembrane protein	glycosyltransferase activity [GO:0016757]	Golgi membrane [GO:0000139]	GPI anchor biosynthetic process [GO:0006506]
G4LYV2	Q21019	0.178	84	62	0	18	101	26	101	0.0001986	168	G4LYV2	Uncharacterized protein				Q21019	ACT domain-containing protein		EKC/KEOPS complex [GO:0000408]	tRNA threonylcarbamoyladenosine metabolic process [GO:0070525]
A0A3Q0KD40	Q95XR3	0.176	475	315	0	2	476	31	413	7.822e-24	737	A0A3Q0KD40	Uncharacterized protein				Q95XR3	WD_REPEATS_REGION domain-containing protein			
A0A5K4F1G7	P46556	0.279	580	401	0	14	593	11	567	2.851e-31	1469	A0A5K4F1G7	Uncharacterized protein	salt transmembrane transporter activity [GO:1901702]	membrane [GO:0016020]		P46556	Uncharacterized transporter B0285.6	citrate transmembrane transporter activity [GO:0015137]; succinate transmembrane transporter activity [GO:0015141]	membrane [GO:0016020]	citrate transport [GO:0015746]
A0A5K4F243	Q21815	0.305	453	304	0	2	454	30	468	5.4170000000000004e-42	1366	A0A5K4F243	Uncharacterized protein	ATP binding [GO:0005524]; hydrolase activity [GO:0016787]	membrane [GO:0016020]		Q21815	Nucleoside-diphosphatase mig-23 (NDPase) (EC 3.6.1.6) (Abnormal cell migration protein 23)	ADP phosphatase activity [GO:0043262]; GDP phosphatase activity [GO:0004382]; UDP phosphatase activity [GO:0045134]	cytoplasm [GO:0005737]; Golgi apparatus [GO:0005794]; Golgi membrane [GO:0000139]; membrane [GO:0016020]	ADP catabolic process [GO:0046032]; cell differentiation [GO:0030154]; GDP catabolic process [GO:0046712]; gonad morphogenesis [GO:0035262]; gonadal mesoderm development [GO:0007506]; positive regulation of protein glycosylation [GO:0060050]; regulation of cell migration [GO:0030334]; UDP catabolic process [GO:0006256]
A0A5K4FG21	G5EEZ4	0.195	394	280	0	6	399	2	350	1.2410000000000002e-20	633	A0A5K4FG21	Uncharacterized protein				G5EEZ4	WD repeat-containing protein 55		nucleolus [GO:0005730]	rRNA processing [GO:0006364]
A0A5K4F0I2	Q7K7J0	0.125	312	229	0	38	349	42	304	8.978e-07	165	A0A5K4F0I2	Uncharacterized protein	ATPase activator activity [GO:0001671]	membrane [GO:0016020]		Q7K7J0	GEX Interacting protein	ATPase activator activity [GO:0001671]	membrane [GO:0016020]	membrane organization [GO:0061024]
A0A5K4F8D9	Q21574	0.191	227	176	0	485	711	495	713	0.1975	29	A0A5K4F8D9	Uncharacterized protein		membrane [GO:0016020]		Q21574	Protein tweety homolog		membrane [GO:0016020]	
A0A3Q0KMR3	O17213	0.221	206	152	0	9	204	80	285	2.246e-11	381	A0A3Q0KMR3	Uncharacterized protein				O17213	Protein rogdi homolog		nuclear envelope [GO:0005635]; RAVE complex [GO:0043291]	
G4VNV1	Q18854	0.109	578	405	0	11	588	5	459	0.0002523	149	G4VNV1	Uncharacterized protein				Q18854	RAP domain-containing protein			
A0A5K4F8D5	O17622	0.455	191	102	0	3	193	2	189	6.101e-24	925	A0A5K4F8D5	Uncharacterized protein	ATP binding [GO:0005524]; cytidylate kinase activity [GO:0004127]; uridylate kinase activity [GO:0009041]		'de novo' pyrimidine nucleobase biosynthetic process [GO:0006207]; phosphorylation [GO:0016310]; pyrimidine nucleotide biosynthetic process [GO:0006221]	O17622	UMP-CMP kinase 1 (EC 2.7.4.14) (Deoxycytidylate kinase 1) (CK 1) (dCMP kinase 1) (Uridine monophosphate/cytidine monophosphate kinase 1) (UMP/CMP kinase 1) (UMP/CMPK 1)	ATP binding [GO:0005524]; CMP kinase activity [GO:0036430]; cytidylate kinase activity [GO:0004127]; dCMP kinase activity [GO:0036431]; UMP kinase activity [GO:0033862]	cytoplasm [GO:0005737]; nucleus [GO:0005634]	'de novo' pyrimidine nucleobase biosynthetic process [GO:0006207]; CDP biosynthetic process [GO:0046705]; phosphorylation [GO:0016310]; UDP biosynthetic process [GO:0006225]
A0A3Q0KE37	Q6AHP8	0.279	129	92	0	3	131	7	134	6.924e-06	269	A0A3Q0KE37	Uncharacterized protein		membrane [GO:0016020]	mitochondrial fission [GO:0000266]	Q6AHP8	FIS1-related protein fis-2 (Mitochondrial fission 1 protein fis-2)		mitochondrial outer membrane [GO:0005741]; mitochondrion [GO:0005739]; peroxisomal membrane [GO:0005778]	apoptotic process [GO:0006915]; autophagy of mitochondrion [GO:0000422]; mitochondrial fission [GO:0000266]; mitochondrial fragmentation involved in apoptotic process [GO:0043653]; peroxisome fission [GO:0016559]
A0A5K4FAA7	G5EBM7	0.266	462	320	0	13	449	45	506	6.579e-43	1508	A0A5K4FAA7	Uncharacterized protein	scavenger receptor activity [GO:0005044]	lysosome [GO:0005764]; membrane [GO:0016020]		G5EBM7	SCAVenger receptor (CD36 family) related	scavenger receptor activity [GO:0005044]	cytoplasm [GO:0005737]; membrane [GO:0016020]	
A0A3Q0KUG0	Q9TXI8	0.157	1106	722	0	48	1153	37	894	1.163e-44	968	A0A3Q0KUG0	Uncharacterized protein		membrane [GO:0016020]		Q9TXI8	B-cell receptor CD22-like	cell adhesion molecule binding [GO:0050839]	cell-cell junction [GO:0005911]; membrane [GO:0016020]	cell-cell adhesion [GO:0098609]
G4VLF9	Q9TYN1	0.126	140	115	0	1	140	4	136	8.963e-05	147	G4VLF9	Uncharacterized protein				Q9TYN1	Zf-AD domain-containing protein		nucleolar ribonuclease P complex [GO:0005655]	tRNA processing [GO:0008033]
A0A5K4F0Q6	O17919	0.59	383	157	0	2	384	6	388	2.959e-63	2445	A0A5K4F0Q6	Uncharacterized protein	pseudouridine synthase activity [GO:0009982]; RNA binding [GO:0003723]	ribonucleoprotein complex [GO:1990904]	pseudouridine synthesis [GO:0001522]; RNA processing [GO:0006396]	O17919	Putative H/ACA ribonucleoprotein complex subunit 4 (EC 5.4.99.-)	pseudouridine synthase activity [GO:0009982]; RNA binding [GO:0003723]	box H/ACA snoRNP complex [GO:0031429]	box H/ACA RNA 3'-end processing [GO:0000495]; mRNA pseudouridine synthesis [GO:1990481]; rRNA pseudouridine synthesis [GO:0031118]; snRNA pseudouridine synthesis [GO:0031120]
A0A3Q0KES1	E0R7L2	0.162	444	317	0	5	448	39	417	7.397e-18	608	A0A3Q0KES1	Uncharacterized protein				E0R7L2	WD_REPEATS_REGION domain-containing protein			
A0A5K4FAL9	Q20059	0.32	806	456	0	7	812	13	683	3.014e-66	2259	A0A5K4FAL9	Uncharacterized protein				Q20059	WD repeat-containing protein 48 homolog	ubiquitin binding [GO:0043130]		double-strand break repair via homologous recombination [GO:0000724]; positive regulation of gene expression [GO:0010628]; positive regulation of locomotion involved in locomotory behavior [GO:0090326]; positive regulation of protein deubiquitination [GO:1903003]; positive regulation of protein localization to cell surface [GO:2000010]
A0A5K4F0Y1	O62291	0.21	338	257	0	1	338	1	326	4.769e-10	289	A0A5K4F0Y1	Uncharacterized protein	histone binding [GO:0042393]		DNA damage response [GO:0006974]; regulation of protein ADP-ribosylation [GO:0010835]	O62291	Zinc finger, CCHC-type	histone binding [GO:0042393]; poly-ADP-D-ribose binding [GO:0072572]	nucleus [GO:0005634]	DNA damage response [GO:0006974]; regulation of protein ADP-ribosylation [GO:0010835]
A0A5K4F1B2	O17907	0.23	408	287	0	14	421	9	382	4.888e-28	780	A0A5K4F1B2	Uncharacterized protein				O17907	Protein ctg-1		cytoplasm [GO:0005737]; cytosol [GO:0005829]	regulation of basement membrane organization [GO:0110011]
A0A5K4F8G2	P34390	0.177	386	291	0	3	356	75	460	1.043e-11	260	A0A5K4F8G2	Uncharacterized protein				P34390	Uncharacterized protein F09G8.5			cytoskeleton organization [GO:0007010]
A0A5K4F8X5	Q9N456	0.268	107	75	0	3	109	1	103	7.517e-08	286	A0A5K4F8X5	Uncharacterized protein				Q9N456	Glutaredoxin-1	glutathione disulfide oxidoreductase activity [GO:0015038]	mitochondrion [GO:0005739]	
A0A3Q0KC14	O62334	0.361	1644	931	0	3	1646	5	1462	0.0	6001	A0A3Q0KC14	Uncharacterized protein	4-alpha-glucanotransferase activity [GO:0004134]; amylo-alpha-1,6-glucosidase activity [GO:0004135]	cytoplasm [GO:0005737]	glycogen catabolic process [GO:0005980]	O62334	Glycogen debranching enzyme (EC 2.4.1.25) (EC 3.2.1.33) (Glycogen debrancher)	4-alpha-glucanotransferase activity [GO:0004134]; amylo-alpha-1,6-glucosidase activity [GO:0004135]; beta-maltose 4-alpha-glucanotransferase activity [GO:0102500]	cytoplasm [GO:0005737]	glycogen biosynthetic process [GO:0005978]; glycogen catabolic process [GO:0005980]
A0A5K4F7N1	O76699	0.093	75	47	0	418	492	324	376	29.15	9	A0A5K4F7N1	Uncharacterized protein				O76699	SAM domain-containing protein	mRNA binding [GO:0003729]; translation repressor activity [GO:0030371]	P-body [GO:0000932]	nuclear-transcribed mRNA poly(A) tail shortening [GO:0000289]
A0A5K4F6F3	O61708	0.236	93	63	0	31	113	6	98	0.002881	107	A0A5K4F6F3	Uncharacterized protein				O61708	Protein lingerer		cytoplasm [GO:0005737]; nucleus [GO:0005634]	
A0A5K4F222	Q22329	0.209	518	347	0	31	548	3	442	1.41e-16	711	A0A5K4F222	Uncharacterized protein		membrane [GO:0016020]		Q22329	Protein-serine O-palmitoleoyltransferase porcupine (Porc) (EC 2.3.1.250) (More of ms protein 1)	palmitoleoyltransferase activity [GO:1990698]; Wnt-protein binding [GO:0017147]	endoplasmic reticulum [GO:0005783]; endoplasmic reticulum membrane [GO:0005789]; membrane [GO:0016020]	asymmetric protein localization involved in cell fate determination [GO:0045167]; embryo development ending in birth or egg hatching [GO:0009792]; embryonic digestive tract morphogenesis [GO:0048557]; embryonic morphogenesis [GO:0048598]; endodermal cell fate specification [GO:0001714]; left/right axis specification [GO:0070986]; lipid modification [GO:0030258]; protein lipidation [GO:0006497]; protein palmitoleylation [GO:0045234]; protein palmitoylation [GO:0018345]; regulation of asymmetric cell division [GO:0009786]; regulation of Wnt signaling pathway by Wnt protein secretion [GO:0061359]; segment polarity determination [GO:0007367]; Wnt protein secretion [GO:0061355]; Wnt signaling pathway [GO:0016055]; Wnt signaling pathway, regulating spindle positioning [GO:0060069]
A0A5K4F399	D7SFJ0	0.346	265	159	0	59	323	43	286	1.022e-19	781	A0A5K4F399	Uncharacterized protein				D7SFJ0	Phosphoglycolate phosphatase	phosphoglycolate phosphatase activity [GO:0008967]		dephosphorylation [GO:0016311]; DNA repair [GO:0006281]
A0A5K4ELU5	Q9N419	0.131	259	209	0	1	242	1	259	1.46e-05	191	A0A5K4ELU5	Uncharacterized protein		membrane [GO:0016020]		Q9N419	Clc-like protein	calcium channel inhibitor activity [GO:0019855]; protein kinase inhibitor activity [GO:0004860]	axon [GO:0030424]; dendrite [GO:0030425]; non-motile cilium [GO:0097730]; plasma membrane [GO:0005886]	cell-cell adhesion [GO:0098609]; determination of left/right asymmetry in nervous system [GO:0035545]; negative regulation of cation channel activity [GO:2001258]
A0A5K4F2G9	Q9U2Y2	0.202	548	381	0	10	557	5	482	8.21e-19	725	A0A5K4F2G9	Uncharacterized protein				Q9U2Y2	CDK5RAP3-like protein			regulation of cyclin-dependent protein serine/threonine kinase activity [GO:0000079]; regulation of mitotic cell cycle [GO:0007346]
A0A5K4FC42	Q09289	0.221	372	274	0	1	372	1	353	4.1170000000000004e-20	499	A0A5K4FC42	Uncharacterized protein		cytoplasm [GO:0005737]; nucleus [GO:0005634]; proteasome complex [GO:0000502]		Q09289	Proteasomal ubiquitin receptor ADRM1 homolog (Proteasome non-ATPase regulatory particle-like protein 13)	endopeptidase activator activity [GO:0061133]; proteasome binding [GO:0070628]; ubiquitin-specific protease binding [GO:1990381]	cytoplasm [GO:0005737]; nucleus [GO:0005634]; proteasome complex [GO:0000502]; proteasome regulatory particle, lid subcomplex [GO:0008541]	proteasome assembly [GO:0043248]
A0A5K4FC50	Q18068	0.093	221	172	0	46	266	78	268	0.001909	73	A0A5K4FC50	Uncharacterized protein				Q18068	DUF4309 domain-containing protein		membrane [GO:0016020]	
A0A5K4F074	Q95XZ6	0.266	325	208	0	20	344	4	288	3.162e-14	518	A0A5K4F074	Uncharacterized protein		membrane [GO:0016020]		Q95XZ6	Lysosomal amino acid transporter 1	basic amino acid transmembrane transporter activity [GO:0015174]; L-arginine transmembrane transporter activity [GO:0061459]; L-lysine transmembrane transporter activity [GO:0015189]	lysosomal membrane [GO:0005765]; organelle membrane [GO:0031090]	intracellular amino acid homeostasis [GO:0080144]; L-arginine transmembrane transport [GO:1903826]; lysine transport [GO:0015819]; positive regulation of autophagy [GO:0010508]
A0A3Q0KIW4	G5EG16	0.166	598	394	0	1	598	1	473	3.422e-18	428	A0A3Q0KIW4	Uncharacterized protein				G5EG16	G protein			
A0A5K4F5Q5	Q95XW5	0.243	605	412	0	2	606	18	562	6.861e-42	1198	A0A5K4F5Q5	Uncharacterized protein				Q95XW5	MAGUK family		cell-cell junction [GO:0005911]; plasma membrane [GO:0005886]	
A0A5K4EFD4	Q19210	0.349	298	174	0	21	318	23	291	3.3420000000000003e-28	825	A0A5K4EFD4	Uncharacterized protein	GTP binding [GO:0005525]; GTPase activity [GO:0003924]			Q19210	Rab-like protein 6	GTP binding [GO:0005525]; GTPase activity [GO:0003924]	cytosol [GO:0005829]; nucleus [GO:0005634]	
G4LWL3	Q19824	0.22	301	222	0	1	285	1	301	1.53e-08	353	G4LWL3	Uncharacterized protein			protein insertion into ER membrane [GO:0045048]	Q19824	Conserved Edge Expressed protein		BAT3 complex [GO:0071818]; cytosol [GO:0005829]	protein insertion into ER membrane [GO:0045048]
A0A3Q0KP64	Q7YWW8	0.141	506	301	0	12	517	4	354	2.624e-19	493	A0A3Q0KP64	Uncharacterized protein				Q7YWW8	Arrestin_N domain-containing protein		cytosol [GO:0005829]; Golgi membrane [GO:0000139]; Ric1-Rgp1 guanyl-nucleotide exchange factor complex [GO:0034066]	retrograde transport, endosome to Golgi [GO:0042147]
A0A3Q0KQX4	A0A061AIW8	0.175	240	176	0	58	271	8	247	9.107e-05	165	A0A3Q0KQX4	Uncharacterized protein				A0A061AIW8	Daxx			
A0A5K4EZL1	O17606	0.412	341	193	0	5	345	1	330	4.855e-39	1460	A0A5K4EZL1	Uncharacterized protein				O17606	MYG1 protein C27H6.8		cytoplasm [GO:0005737]; nucleus [GO:0005634]	
A0A5K4FCD4	O18241	0.144	495	347	0	20	514	27	432	7.227e-11	418	A0A5K4FCD4	Uncharacterized protein		membrane [GO:0016020]		O18241	Homolog of Hedgehog AcylTransferase	palmitoyltransferase activity [GO:0016409]	endoplasmic reticulum [GO:0005783]; membrane [GO:0016020]	protein palmitoylation [GO:0018345]
A0A5K4FED0	Q09406	0.312	343	226	0	6	335	191	533	1.375e-35	1364	A0A5K4FED0	Uncharacterized protein			autophagosome assembly [GO:0000045]	Q09406	Autophagic-related protein 16.2		Atg12-Atg5-Atg16 complex [GO:0034274]; autophagosome membrane [GO:0000421]; cytoplasm [GO:0005737]; phagophore assembly site membrane [GO:0034045]; plasma membrane [GO:0005886]	aggrephagy [GO:0035973]; autophagosome assembly [GO:0000045]; autophagy [GO:0006914]; defense response to Gram-positive bacterium [GO:0050830]; germ cell proliferation [GO:0036093]; germ-line stem cell division [GO:0042078]; macroautophagy [GO:0016236]; protein lipidation [GO:0006497]
A0A5K4F2N2	P28191	0.267	1333	743	0	1	1333	1	1014	3.474e-66	1464	A0A5K4F2N2	Uncharacterized protein	protein tyrosine phosphatase activity [GO:0004725]	cytoplasm [GO:0005737]; cytoskeleton [GO:0005856]	protein dephosphorylation [GO:0006470]	P28191	Tyrosine-protein phosphatase 1 (EC 3.1.3.48) (Protein-tyrosine phosphatase 1)	cytoskeletal protein binding [GO:0008092]; protein tyrosine phosphatase activity [GO:0004725]	cytoskeleton [GO:0005856]; sarcoplasmic reticulum [GO:0016529]	protein dephosphorylation [GO:0006470]
A0A5K4F0L8	Q23459	0.192	346	274	0	53	398	8	347	1.702e-18	483	A0A5K4F0L8	Uncharacterized protein				Q23459	RNA_ligase domain-containing protein	pseudouridine synthase activity [GO:0009982]; RNA binding [GO:0003723]		pseudouridine synthesis [GO:0001522]
A0A5K4FFD6	Q09316	0.489	509	238	0	31	539	80	546	8.669999999999999e-67	2336	A0A5K4FFD6	Uncharacterized protein	4 iron, 4 sulfur cluster binding [GO:0051539]; metal ion binding [GO:0046872]; methylthiotransferase activity [GO:0035596]		tRNA modification [GO:0006400]	Q09316	CDK5RAP1-like protein	4 iron, 4 sulfur cluster binding [GO:0051539]; metal ion binding [GO:0046872]; N6-isopentenyladenosine methylthiotransferase activity [GO:0035597]	cytosol [GO:0005829]; mitochondrion [GO:0005739]	negative regulation of cyclin-dependent protein serine/threonine kinase activity [GO:0045736]; regulation of cyclin-dependent protein serine/threonine kinase activity [GO:0000079]
A0A5K4F1J3	Q5WRR4	0.171	384	282	0	97	480	8	348	7.525e-10	384	A0A5K4F1J3	Uncharacterized protein				Q5WRR4	TRansport Protein Particle		Golgi apparatus [GO:0005794]; TRAPP complex [GO:0030008]	
A0A5K4F1M8	Q17531	0.224	169	129	0	5	173	232	398	6.989e-10	338	A0A5K4F1M8	Uncharacterized protein				Q17531	F-box domain-containing protein			
G4V7R6	Q19060	0.321	192	126	0	58	244	103	294	3.85e-10	444	G4V7R6	Uncharacterized protein				Q19060	Parkin coregulated gene protein homolog	Hsp70 protein binding [GO:0030544]; Hsp90 protein binding [GO:0051879]; protein-folding chaperone binding [GO:0051087]		negative regulation of cell death [GO:0060548]
A0A5K4FCY1	A0A3P6PCW4	0.352	271	165	0	333	603	199	453	0.02625	62	A0A5K4FCY1	Uncharacterized protein				A0A3P6PCW4	Girdin			
